id,name,region,msa_id,msa
1015,Calhoun,Alabama,11500,Anniston-Oxford-Jacksonville
1081,Lee,Alabama,12220,Auburn-Opelika
1007,Bibb,Alabama,13820,Birmingham-Hoover
1009,Blount,Alabama,13820,Birmingham-Hoover
1021,Chilton,Alabama,13820,Birmingham-Hoover
1073,Jefferson,Alabama,13820,Birmingham-Hoover
1115,St. Clair,Alabama,13820,Birmingham-Hoover
1117,Shelby,Alabama,13820,Birmingham-Hoover
1127,Walker,Alabama,13820,Birmingham-Hoover
1113,Russell,Alabama,17980,Columbus
1003,Baldwin,Alabama,19300,Daphne-Fairhope-Foley
1079,Lawrence,Alabama,19460,Decatur
1103,Morgan,Alabama,19460,Decatur
1061,Geneva,Alabama,20020,Dothan
1067,Henry,Alabama,20020,Dothan
1069,Houston,Alabama,20020,Dothan
1033,Colbert,Alabama,22520,Florence-Muscle Shoals
1077,Lauderdale,Alabama,22520,Florence-Muscle Shoals
1055,Etowah,Alabama,23460,Gadsden
1083,Limestone,Alabama,26620,Huntsville
1089,Madison,Alabama,26620,Huntsville
1097,Mobile,Alabama,33660,Mobile
1001,Autauga,Alabama,33860,Montgomery
1051,Elmore,Alabama,33860,Montgomery
1085,Lowndes,Alabama,33860,Montgomery
1101,Montgomery,Alabama,33860,Montgomery
1065,Hale,Alabama,46220,Tuscaloosa
1107,Pickens,Alabama,46220,Tuscaloosa
1125,Tuscaloosa,Alabama,46220,Tuscaloosa
2020,Anchorage Municipality,Alaska,11260,Anchorage
2170,Matanuska-Susitna Borough,Alaska,11260,Anchorage
2090,Fairbanks North Star Borough,Alaska,21820,Fairbanks
4005,Coconino,Arizona,22380,Flagstaff
4015,Mohave,Arizona,29420,Lake Havasu City-Kingman
4013,Maricopa,Arizona,38060,Phoenix-Mesa-Scottsdale
4021,Pinal,Arizona,38060,Phoenix-Mesa-Scottsdale
4025,Yavapai,Arizona,39140,Prescott
4003,Cochise,Arizona,43420,Sierra Vista-Douglas
4019,Pima,Arizona,46060,Tucson
4027,Yuma,Arizona,49740,Yuma
5007,Benton,Arkansas,22220,Fayetteville-Springdale-Rogers
5087,Madison,Arkansas,22220,Fayetteville-Springdale-Rogers
5143,Washington,Arkansas,22220,Fayetteville-Springdale-Rogers
5033,Crawford,Arkansas,22900,Fort Smith
5131,Sebastian,Arkansas,22900,Fort Smith
5051,Garland,Arkansas,26300,Hot Springs
5031,Craighead,Arkansas,27860,Jonesboro
5111,Poinsett,Arkansas,27860,Jonesboro
5045,Faulkner,Arkansas,30780,Little Rock-North Little Rock-Conway
5053,Grant,Arkansas,30780,Little Rock-North Little Rock-Conway
5085,Lonoke,Arkansas,30780,Little Rock-North Little Rock-Conway
5105,Perry,Arkansas,30780,Little Rock-North Little Rock-Conway
5119,Pulaski,Arkansas,30780,Little Rock-North Little Rock-Conway
5125,Saline,Arkansas,30780,Little Rock-North Little Rock-Conway
5035,Crittenden,Arkansas,32820,Memphis
5025,Cleveland,Arkansas,38220,Pine Bluff
5069,Jefferson,Arkansas,38220,Pine Bluff
5079,Lincoln,Arkansas,38220,Pine Bluff
5081,Little River,Arkansas,45500,Texarkana
5091,Miller,Arkansas,45500,Texarkana
6029,Kern,California,12540,Bakersfield
6007,Butte,California,17020,Chico
6025,Imperial,California,20940,El Centro
6019,Fresno,California,23420,Fresno
6031,Kings,California,25260,Hanford-Corcoran
6037,Los Angeles,California,31080,Los Angeles-Long Beach-Anaheim
6059,Orange,California,31080,Los Angeles-Long Beach-Anaheim
6039,Madera,California,31460,Madera
6047,Merced,California,32900,Merced
6099,Stanislaus,California,33700,Modesto
6055,Napa,California,34900,Napa
6111,Ventura,California,37100,Oxnard-Thousand Oaks-Ventura
6089,Shasta,California,39820,Redding
6065,Riverside,California,40140,Riverside-San Bernardino-Ontario
6071,San Bernardino,California,40140,Riverside-San Bernardino-Ontario
6017,El Dorado,California,40900,Sacramento-Roseville-Arden-Arcade
6061,Placer,California,40900,Sacramento-Roseville-Arden-Arcade
6067,Sacramento,California,40900,Sacramento-Roseville-Arden-Arcade
6113,Yolo,California,40900,Sacramento-Roseville-Arden-Arcade
6053,Monterey,California,41500,Salinas
6073,San Diego,California,41740,San Diego-Carlsbad
6001,Alameda,California,41860,San Francisco-Oakland-Hayward
6013,Contra Costa,California,41860,San Francisco-Oakland-Hayward
6041,Marin,California,41860,San Francisco-Oakland-Hayward
6075,San Francisco,California,41860,San Francisco-Oakland-Hayward
6081,San Mateo,California,41860,San Francisco-Oakland-Hayward
6069,San Benito,California,41940,San Jose-Sunnyvale-Santa Clara
6085,Santa Clara,California,41940,San Jose-Sunnyvale-Santa Clara
6079,San Luis Obispo,California,42020,San Luis Obispo-Paso Robles-Arroyo Grande
6087,Santa Cruz,California,42100,Santa Cruz-Watsonville
6083,Santa Barbara,California,42200,Santa Maria-Santa Barbara
6097,Sonoma,California,42220,Santa Rosa
6077,San Joaquin,California,44700,Stockton-Lodi
6095,Solano,California,46700,Vallejo-Fairfield
6107,Tulare,California,47300,Visalia-Porterville
6101,Sutter,California,49700,Yuba City
6115,Yuba,California,49700,Yuba City
8013,Boulder,Colorado,14500,Boulder
8041,El Paso,Colorado,17820,Colorado Springs
8119,Teller,Colorado,17820,Colorado Springs
8001,Adams,Colorado,19740,Denver-Aurora-Lakewood
8005,Arapahoe,Colorado,19740,Denver-Aurora-Lakewood
8014,Broomfield,Colorado,19740,Denver-Aurora-Lakewood
8019,Clear Creek,Colorado,19740,Denver-Aurora-Lakewood
8031,Denver,Colorado,19740,Denver-Aurora-Lakewood
8035,Douglas,Colorado,19740,Denver-Aurora-Lakewood
8039,Elbert,Colorado,19740,Denver-Aurora-Lakewood
8047,Gilpin,Colorado,19740,Denver-Aurora-Lakewood
8059,Jefferson,Colorado,19740,Denver-Aurora-Lakewood
8093,Park,Colorado,19740,Denver-Aurora-Lakewood
8069,Larimer,Colorado,22660,Fort Collins
8077,Mesa,Colorado,24300,Grand Junction
8123,Weld,Colorado,24540,Greeley
8101,Pueblo,Colorado,39380,Pueblo
9001,Fairfield,Connecticut,14860,Bridgeport-Stamford-Norwalk
9003,Hartford,Connecticut,25540,Hartford-West Hartford-East Hartford
9007,Middlesex,Connecticut,25540,Hartford-West Hartford-East Hartford
9013,Tolland,Connecticut,25540,Hartford-West Hartford-East Hartford
9009,New Haven,Connecticut,35300,New Haven-Milford
9011,New London,Connecticut,35980,Norwich-New London
9015,Windham,Connecticut,49340,Worcester
10001,Kent,Delaware,20100,Dover
10003,New Castle,Delaware,37980,Philadelphia-Camden-Wilmington
10005,Sussex,Delaware,41540,Salisbury
11001,District of Columbia,District of Columbia,47900,Washington-Arlington-Alexandria
12071,Lee,Florida,15980,Cape Coral-Fort Myers
12091,Okaloosa,Florida,18880,Crestview-Fort Walton Beach-Destin
12131,Walton,Florida,18880,Crestview-Fort Walton Beach-Destin
12035,Flagler,Florida,19660,Deltona-Daytona Beach-Ormond Beach
12127,Volusia,Florida,19660,Deltona-Daytona Beach-Ormond Beach
12001,Alachua,Florida,23540,Gainesville
12041,Gilchrist,Florida,23540,Gainesville
12017,Citrus,Florida,26140,Homosassa Springs
12003,Baker,Florida,27260,Jacksonville
12019,Clay,Florida,27260,Jacksonville
12031,Duval,Florida,27260,Jacksonville
12089,Nassau,Florida,27260,Jacksonville
12109,St. Johns,Florida,27260,Jacksonville
12105,Polk,Florida,29460,Lakeland-Winter Haven
12011,Broward,Florida,33100,Miami-Fort Lauderdale-West Palm Beach
12086,Miami-Dade,Florida,33100,Miami-Fort Lauderdale-West Palm Beach
12099,Palm Beach,Florida,33100,Miami-Fort Lauderdale-West Palm Beach
12021,Collier,Florida,34940,Naples-Immokalee-Marco Island
12081,Manatee,Florida,35840,North Port-Sarasota-Bradenton
12115,Sarasota,Florida,35840,North Port-Sarasota-Bradenton
12083,Marion,Florida,36100,Ocala
12069,Lake,Florida,36740,Orlando-Kissimmee-Sanford
12095,Orange,Florida,36740,Orlando-Kissimmee-Sanford
12097,Osceola,Florida,36740,Orlando-Kissimmee-Sanford
12117,Seminole,Florida,36740,Orlando-Kissimmee-Sanford
12009,Brevard,Florida,37340,Palm Bay-Melbourne-Titusville
12005,Bay,Florida,37460,Panama City
12045,Gulf,Florida,37460,Panama City
12033,Escambia,Florida,37860,Pensacola-Ferry Pass-Brent
12113,Santa Rosa,Florida,37860,Pensacola-Ferry Pass-Brent
12085,Martin,Florida,38940,Port St. Lucie
12111,St. Lucie,Florida,38940,Port St. Lucie
12015,Charlotte,Florida,39460,Punta Gorda
12061,Indian River,Florida,42680,Sebastian-Vero Beach
12055,Highlands,Florida,42700,Sebring
12039,Gadsden,Florida,45220,Tallahassee
12065,Jefferson,Florida,45220,Tallahassee
12073,Leon,Florida,45220,Tallahassee
12129,Wakulla,Florida,45220,Tallahassee
12053,Hernando,Florida,45300,Tampa-St. Petersburg-Clearwater
12057,Hillsborough,Florida,45300,Tampa-St. Petersburg-Clearwater
12101,Pasco,Florida,45300,Tampa-St. Petersburg-Clearwater
12103,Pinellas,Florida,45300,Tampa-St. Petersburg-Clearwater
12119,Sumter,Florida,45540,The Villages
13007,Baker,Georgia,10500,Albany
13095,Dougherty,Georgia,10500,Albany
13177,Lee,Georgia,10500,Albany
13273,Terrell,Georgia,10500,Albany
13321,Worth,Georgia,10500,Albany
13059,Clarke,Georgia,12020,Athens-Clarke County
13195,Madison,Georgia,12020,Athens-Clarke County
13219,Oconee,Georgia,12020,Athens-Clarke County
13221,Oglethorpe,Georgia,12020,Athens-Clarke County
13013,Barrow,Georgia,12060,Atlanta-Sandy Springs-Roswell
13015,Bartow,Georgia,12060,Atlanta-Sandy Springs-Roswell
13035,Butts,Georgia,12060,Atlanta-Sandy Springs-Roswell
13045,Carroll,Georgia,12060,Atlanta-Sandy Springs-Roswell
13057,Cherokee,Georgia,12060,Atlanta-Sandy Springs-Roswell
13063,Clayton,Georgia,12060,Atlanta-Sandy Springs-Roswell
13067,Cobb,Georgia,12060,Atlanta-Sandy Springs-Roswell
13077,Coweta,Georgia,12060,Atlanta-Sandy Springs-Roswell
13085,Dawson,Georgia,12060,Atlanta-Sandy Springs-Roswell
13089,DeKalb,Georgia,12060,Atlanta-Sandy Springs-Roswell
13097,Douglas,Georgia,12060,Atlanta-Sandy Springs-Roswell
13113,Fayette,Georgia,12060,Atlanta-Sandy Springs-Roswell
13117,Forsyth,Georgia,12060,Atlanta-Sandy Springs-Roswell
13121,Fulton,Georgia,12060,Atlanta-Sandy Springs-Roswell
13135,Gwinnett,Georgia,12060,Atlanta-Sandy Springs-Roswell
13143,Haralson,Georgia,12060,Atlanta-Sandy Springs-Roswell
13149,Heard,Georgia,12060,Atlanta-Sandy Springs-Roswell
13151,Henry,Georgia,12060,Atlanta-Sandy Springs-Roswell
13159,Jasper,Georgia,12060,Atlanta-Sandy Springs-Roswell
13171,Lamar,Georgia,12060,Atlanta-Sandy Springs-Roswell
13199,Meriwether,Georgia,12060,Atlanta-Sandy Springs-Roswell
13211,Morgan,Georgia,12060,Atlanta-Sandy Springs-Roswell
13217,Newton,Georgia,12060,Atlanta-Sandy Springs-Roswell
13223,Paulding,Georgia,12060,Atlanta-Sandy Springs-Roswell
13227,Pickens,Georgia,12060,Atlanta-Sandy Springs-Roswell
13231,Pike,Georgia,12060,Atlanta-Sandy Springs-Roswell
13247,Rockdale,Georgia,12060,Atlanta-Sandy Springs-Roswell
13255,Spalding,Georgia,12060,Atlanta-Sandy Springs-Roswell
13297,Walton,Georgia,12060,Atlanta-Sandy Springs-Roswell
13033,Burke,Georgia,12260,Augusta-Richmond County
13073,Columbia,Georgia,12260,Augusta-Richmond County
13181,Lincoln,Georgia,12260,Augusta-Richmond County
13189,McDuffie,Georgia,12260,Augusta-Richmond County
13245,Richmond,Georgia,12260,Augusta-Richmond County
13025,Brantley,Georgia,15260,Brunswick
13127,Glynn,Georgia,15260,Brunswick
13191,McIntosh,Georgia,15260,Brunswick
13047,Catoosa,Georgia,16860,Chattanooga
13083,Dade,Georgia,16860,Chattanooga
13295,Walker,Georgia,16860,Chattanooga
13053,Chattahoochee,Georgia,17980,Columbus
13145,Harris,Georgia,17980,Columbus
13197,Marion,Georgia,17980,Columbus
13215,Muscogee,Georgia,17980,Columbus
13213,Murray,Georgia,19140,Dalton
13313,Whitfield,Georgia,19140,Dalton
13139,Hall,Georgia,23580,Gainesville
13179,Liberty,Georgia,25980,Hinesville
13183,Long,Georgia,25980,Hinesville
13021,Bibb,Georgia,31420,Macon-Bibb County
13079,Crawford,Georgia,31420,Macon-Bibb County
13169,Jones,Georgia,31420,Macon-Bibb County
13207,Monroe,Georgia,31420,Macon-Bibb County
13289,Twiggs,Georgia,31420,Macon-Bibb County
13115,Floyd,Georgia,40660,Rome
13029,Bryan,Georgia,42340,Savannah
13051,Chatham,Georgia,42340,Savannah
13103,Effingham,Georgia,42340,Savannah
13027,Brooks,Georgia,46660,Valdosta
13101,Echols,Georgia,46660,Valdosta
13173,Lanier,Georgia,46660,Valdosta
13185,Lowndes,Georgia,46660,Valdosta
13153,Houston,Georgia,47580,Warner Robins
13225,Peach,Georgia,47580,Warner Robins
13235,Pulaski,Georgia,47580,Warner Robins
15901,Maui + Kalawao,Hawaii,27980,Kahului-Wailuku-Lahaina
15003,Honolulu,Hawaii,46520,Urban Honolulu
16001,Ada,Idaho,14260,Boise City
16015,Boise,Idaho,14260,Boise City
16027,Canyon,Idaho,14260,Boise City
16045,Gem,Idaho,14260,Boise City
16073,Owyhee,Idaho,14260,Boise City
16055,Kootenai,Idaho,17660,Coeur d'Alene
16019,Bonneville,Idaho,26820,Idaho Falls
16023,Butte,Idaho,26820,Idaho Falls
16051,Jefferson,Idaho,26820,Idaho Falls
16069,Nez Perce,Idaho,30300,Lewiston
16041,Franklin,Idaho,30860,Logan
16005,Bannock,Idaho,38540,Pocatello
17039,De Witt,Illinois,14010,Bloomington
17113,McLean,Illinois,14010,Bloomington
17003,Alexander,Illinois,16020,Cape Girardeau
17077,Jackson,Illinois,16060,Carbondale-Marion
17199,Williamson,Illinois,16060,Carbondale-Marion
17019,Champaign,Illinois,16580,Champaign-Urbana
17053,Ford,Illinois,16580,Champaign-Urbana
17147,Piatt,Illinois,16580,Champaign-Urbana
17031,Cook,Illinois,16980,Chicago-Naperville-Elgin
17037,DeKalb,Illinois,16980,Chicago-Naperville-Elgin
17043,DuPage,Illinois,16980,Chicago-Naperville-Elgin
17063,Grundy,Illinois,16980,Chicago-Naperville-Elgin
17089,Kane,Illinois,16980,Chicago-Naperville-Elgin
17093,Kendall,Illinois,16980,Chicago-Naperville-Elgin
17097,Lake,Illinois,16980,Chicago-Naperville-Elgin
17111,McHenry,Illinois,16980,Chicago-Naperville-Elgin
17197,Will,Illinois,16980,Chicago-Naperville-Elgin
17183,Vermilion,Illinois,19180,Danville
17073,Henry,Illinois,19340,Davenport-Moline-Rock Island
17131,Mercer,Illinois,19340,Davenport-Moline-Rock Island
17161,Rock Island,Illinois,19340,Davenport-Moline-Rock Island
17115,Macon,Illinois,19500,Decatur
17091,Kankakee,Illinois,28100,Kankakee
17123,Marshall,Illinois,37900,Peoria
17143,Peoria,Illinois,37900,Peoria
17175,Stark,Illinois,37900,Peoria
17179,Tazewell,Illinois,37900,Peoria
17203,Woodford,Illinois,37900,Peoria
17007,Boone,Illinois,40420,Rockford
17201,Winnebago,Illinois,40420,Rockford
17129,Menard,Illinois,44100,Springfield
17167,Sangamon,Illinois,44100,Springfield
17005,Bond,Illinois,41180,St. Louis
17013,Calhoun,Illinois,41180,St. Louis
17027,Clinton,Illinois,41180,St. Louis
17083,Jersey,Illinois,41180,St. Louis
17117,Macoupin,Illinois,41180,St. Louis
17119,Madison,Illinois,41180,St. Louis
17133,Monroe,Illinois,41180,St. Louis
17163,St. Clair,Illinois,41180,St. Louis
18105,Monroe,Indiana,14020,Bloomington
18119,Owen,Indiana,14020,Bloomington
18073,Jasper,Indiana,16980,Chicago-Naperville-Elgin
18089,Lake,Indiana,16980,Chicago-Naperville-Elgin
18111,Newton,Indiana,16980,Chicago-Naperville-Elgin
18127,Porter,Indiana,16980,Chicago-Naperville-Elgin
18029,Dearborn,Indiana,17140,Cincinnati
18115,Ohio,Indiana,17140,Cincinnati
18161,Union,Indiana,17140,Cincinnati
18005,Bartholomew,Indiana,18020,Columbus
18039,Elkhart,Indiana,21140,Elkhart-Goshen
18129,Posey,Indiana,21780,Evansville
18163,Vanderburgh,Indiana,21780,Evansville
18173,Warrick,Indiana,21780,Evansville
18003,Allen,Indiana,23060,Fort Wayne
18179,Wells,Indiana,23060,Fort Wayne
18183,Whitley,Indiana,23060,Fort Wayne
18011,Boone,Indiana,26900,Indianapolis-Carmel-Anderson
18013,Brown,Indiana,26900,Indianapolis-Carmel-Anderson
18057,Hamilton,Indiana,26900,Indianapolis-Carmel-Anderson
18059,Hancock,Indiana,26900,Indianapolis-Carmel-Anderson
18063,Hendricks,Indiana,26900,Indianapolis-Carmel-Anderson
18081,Johnson,Indiana,26900,Indianapolis-Carmel-Anderson
18095,Madison,Indiana,26900,Indianapolis-Carmel-Anderson
18097,Marion,Indiana,26900,Indianapolis-Carmel-Anderson
18109,Morgan,Indiana,26900,Indianapolis-Carmel-Anderson
18133,Putnam,Indiana,26900,Indianapolis-Carmel-Anderson
18145,Shelby,Indiana,26900,Indianapolis-Carmel-Anderson
18067,Howard,Indiana,29020,Kokomo
18007,Benton,Indiana,29200,Lafayette-West Lafayette
18015,Carroll,Indiana,29200,Lafayette-West Lafayette
18157,Tippecanoe,Indiana,29200,Lafayette-West Lafayette
18019,Clark,Indiana,31140,Louisville/Jefferson County
18043,Floyd,Indiana,31140,Louisville/Jefferson County
18061,Harrison,Indiana,31140,Louisville/Jefferson County
18143,Scott,Indiana,31140,Louisville/Jefferson County
18175,Washington,Indiana,31140,Louisville/Jefferson County
18091,LaPorte,Indiana,33140,Michigan City-La Porte
18035,Delaware,Indiana,34620,Muncie
18141,St. Joseph,Indiana,43780,South Bend-Mishawaka
18021,Clay,Indiana,45460,Terre Haute
18153,Sullivan,Indiana,45460,Terre Haute
18165,Vermillion,Indiana,45460,Terre Haute
18167,Vigo,Indiana,45460,Terre Haute
19169,Story,Iowa,11180,Ames
19011,Benton,Iowa,16300,Cedar Rapids
19105,Jones,Iowa,16300,Cedar Rapids
19113,Linn,Iowa,16300,Cedar Rapids
19163,Scott,Iowa,19340,Davenport-Moline-Rock Island
19049,Dallas,Iowa,19780,Des Moines-West Des Moines
19077,Guthrie,Iowa,19780,Des Moines-West Des Moines
19121,Madison,Iowa,19780,Des Moines-West Des Moines
19153,Polk,Iowa,19780,Des Moines-West Des Moines
19181,Warren,Iowa,19780,Des Moines-West Des Moines
19061,Dubuque,Iowa,20220,Dubuque
19103,Johnson,Iowa,26980,Iowa City
19183,Washington,Iowa,26980,Iowa City
19085,Harrison,Iowa,36540,Omaha-Council Bluffs
19129,Mills,Iowa,36540,Omaha-Council Bluffs
19155,Pottawattamie,Iowa,36540,Omaha-Council Bluffs
19149,Plymouth,Iowa,43580,Sioux City
19193,Woodbury,Iowa,43580,Sioux City
19013,Black Hawk,Iowa,47940,Waterloo-Cedar Falls
19017,Bremer,Iowa,47940,Waterloo-Cedar Falls
19075,Grundy,Iowa,47940,Waterloo-Cedar Falls
20091,Johnson,Kansas,28140,Kansas City
20103,Leavenworth,Kansas,28140,Kansas City
20107,Linn,Kansas,28140,Kansas City
20121,Miami,Kansas,28140,Kansas City
20209,Wyandotte,Kansas,28140,Kansas City
20045,Douglas,Kansas,29940,Lawrence
20149,Pottawatomie,Kansas,31740,Manhattan
20161,Riley,Kansas,31740,Manhattan
20043,Doniphan,Kansas,41140,St. Joseph
20085,Jackson,Kansas,45820,Topeka
20087,Jefferson,Kansas,45820,Topeka
20139,Osage,Kansas,45820,Topeka
20177,Shawnee,Kansas,45820,Topeka
20197,Wabaunsee,Kansas,45820,Topeka
20015,Butler,Kansas,48620,Wichita
20079,Harvey,Kansas,48620,Wichita
20095,Kingman,Kansas,48620,Wichita
20173,Sedgwick,Kansas,48620,Wichita
20191,Sumner,Kansas,48620,Wichita
21003,Allen,Kentucky,14540,Bowling Green
21031,Butler,Kentucky,14540,Bowling Green
21061,Edmonson,Kentucky,14540,Bowling Green
21227,Warren,Kentucky,14540,Bowling Green
21015,Boone,Kentucky,17140,Cincinnati
21023,Bracken,Kentucky,17140,Cincinnati
21037,Campbell,Kentucky,17140,Cincinnati
21077,Gallatin,Kentucky,17140,Cincinnati
21081,Grant,Kentucky,17140,Cincinnati
21117,Kenton,Kentucky,17140,Cincinnati
21191,Pendleton,Kentucky,17140,Cincinnati
21047,Christian,Kentucky,17300,Clarksville
21221,Trigg,Kentucky,17300,Clarksville
21093,Hardin,Kentucky,21060,Elizabethtown-Fort Knox
21123,Larue,Kentucky,21060,Elizabethtown-Fort Knox
21163,Meade,Kentucky,21060,Elizabethtown-Fort Knox
21101,Henderson,Kentucky,21780,Evansville
21019,Boyd,Kentucky,26580,Huntington-Ashland
21089,Greenup,Kentucky,26580,Huntington-Ashland
21017,Bourbon,Kentucky,30460,Lexington-Fayette
21049,Clark,Kentucky,30460,Lexington-Fayette
21067,Fayette,Kentucky,30460,Lexington-Fayette
21113,Jessamine,Kentucky,30460,Lexington-Fayette
21209,Scott,Kentucky,30460,Lexington-Fayette
21239,Woodford,Kentucky,30460,Lexington-Fayette
21029,Bullitt,Kentucky,31140,Louisville/Jefferson County
21103,Henry,Kentucky,31140,Louisville/Jefferson County
21111,Jefferson,Kentucky,31140,Louisville/Jefferson County
21185,Oldham,Kentucky,31140,Louisville/Jefferson County
21211,Shelby,Kentucky,31140,Louisville/Jefferson County
21215,Spencer,Kentucky,31140,Louisville/Jefferson County
21223,Trimble,Kentucky,31140,Louisville/Jefferson County
21059,Daviess,Kentucky,36980,Owensboro
21091,Hancock,Kentucky,36980,Owensboro
21149,McLean,Kentucky,36980,Owensboro
22043,Grant,Louisiana,10780,Alexandria
22079,Rapides,Louisiana,10780,Alexandria
22005,Ascension,Louisiana,12940,Baton Rouge
22033,East Baton Rouge,Louisiana,12940,Baton Rouge
22037,East Feliciana,Louisiana,12940,Baton Rouge
22047,Iberville,Louisiana,12940,Baton Rouge
22063,Livingston,Louisiana,12940,Baton Rouge
22077,Pointe Coupee,Louisiana,12940,Baton Rouge
22091,St. Helena,Louisiana,12940,Baton Rouge
22121,West Baton Rouge,Louisiana,12940,Baton Rouge
22125,West Feliciana,Louisiana,12940,Baton Rouge
22105,Tangipahoa,Louisiana,25220,Hammond
22057,Lafourche,Louisiana,26380,Houma-Thibodaux
22109,Terrebonne,Louisiana,26380,Houma-Thibodaux
22001,Acadia,Louisiana,29180,Lafayette
22045,Iberia,Louisiana,29180,Lafayette
22055,Lafayette,Louisiana,29180,Lafayette
22099,St. Martin,Louisiana,29180,Lafayette
22113,Vermilion,Louisiana,29180,Lafayette
22019,Calcasieu,Louisiana,29340,Lake Charles
22023,Cameron,Louisiana,29340,Lake Charles
22073,Ouachita,Louisiana,33740,Monroe
22111,Union,Louisiana,33740,Monroe
22051,Jefferson,Louisiana,35380,New Orleans-Metairie
22071,Orleans,Louisiana,35380,New Orleans-Metairie
22075,Plaquemines,Louisiana,35380,New Orleans-Metairie
22087,St. Bernard,Louisiana,35380,New Orleans-Metairie
22089,St. Charles,Louisiana,35380,New Orleans-Metairie
22093,St. James,Louisiana,35380,New Orleans-Metairie
22095,St. John the Baptist,Louisiana,35380,New Orleans-Metairie
22103,St. Tammany,Louisiana,35380,New Orleans-Metairie
22015,Bossier,Louisiana,43340,Shreveport-Bossier City
22017,Caddo,Louisiana,43340,Shreveport-Bossier City
22031,De Soto,Louisiana,43340,Shreveport-Bossier City
22119,Webster,Louisiana,43340,Shreveport-Bossier City
23019,Penobscot,Maine,12620,Bangor
23001,Androscoggin,Maine,30340,Lewiston-Auburn
23005,Cumberland,Maine,38860,Portland-South Portland
23023,Sagadahoc,Maine,38860,Portland-South Portland
23031,York,Maine,38860,Portland-South Portland
24003,Anne Arundel,Maryland,12580,Baltimore-Columbia-Towson
24005,Baltimore,Maryland,12580,Baltimore-Columbia-Towson
24013,Carroll,Maryland,12580,Baltimore-Columbia-Towson
24025,Harford,Maryland,12580,Baltimore-Columbia-Towson
24027,Howard,Maryland,12580,Baltimore-Columbia-Towson
24035,Queen Anne's,Maryland,12580,Baltimore-Columbia-Towson
24510,Baltimore (Independent City),Maryland,12580,Baltimore-Columbia-Towson
24037,St. Mary's,Maryland,15680,California-Lexington Park
24001,Allegany,Maryland,19060,Cumberland
24043,Washington,Maryland,25180,Hagerstown-Martinsburg
24015,Cecil,Maryland,37980,Philadelphia-Camden-Wilmington
24039,Somerset,Maryland,41540,Salisbury
24045,Wicomico,Maryland,41540,Salisbury
24047,Worcester,Maryland,41540,Salisbury
24009,Calvert,Maryland,47900,Washington-Arlington-Alexandria
24017,Charles,Maryland,47900,Washington-Arlington-Alexandria
24021,Frederick,Maryland,47900,Washington-Arlington-Alexandria
24031,Montgomery,Maryland,47900,Washington-Arlington-Alexandria
24033,Prince George's,Maryland,47900,Washington-Arlington-Alexandria
25001,Barnstable,Massachusetts,12700,Barnstable Town
25009,Essex,Massachusetts,14460,Boston-Cambridge-Newton
25017,Middlesex,Massachusetts,14460,Boston-Cambridge-Newton
25021,Norfolk,Massachusetts,14460,Boston-Cambridge-Newton
25023,Plymouth,Massachusetts,14460,Boston-Cambridge-Newton
25025,Suffolk,Massachusetts,14460,Boston-Cambridge-Newton
25003,Berkshire,Massachusetts,38340,Pittsfield
25005,Bristol,Massachusetts,39300,Providence-Warwick
25013,Hampden,Massachusetts,44140,Springfield
25015,Hampshire,Massachusetts,44140,Springfield
25027,Worcester,Massachusetts,49340,Worcester
26161,Washtenaw,Michigan,11460,Ann Arbor
26025,Calhoun,Michigan,12980,Battle Creek
26017,Bay,Michigan,13020,Bay City
26087,Lapeer,Michigan,19820,Detroit-Warren-Dearborn
26093,Livingston,Michigan,19820,Detroit-Warren-Dearborn
26099,Macomb,Michigan,19820,Detroit-Warren-Dearborn
26125,Oakland,Michigan,19820,Detroit-Warren-Dearborn
26147,St. Clair,Michigan,19820,Detroit-Warren-Dearborn
26163,Wayne,Michigan,19820,Detroit-Warren-Dearborn
26049,Genesee,Michigan,22420,Flint
26015,Barry,Michigan,24340,Grand Rapids-Wyoming
26081,Kent,Michigan,24340,Grand Rapids-Wyoming
26117,Montcalm,Michigan,24340,Grand Rapids-Wyoming
26139,Ottawa,Michigan,24340,Grand Rapids-Wyoming
26075,Jackson,Michigan,27100,Jackson
26077,Kalamazoo,Michigan,28020,Kalamazoo-Portage
26159,Van Buren,Michigan,28020,Kalamazoo-Portage
26037,Clinton,Michigan,29620,Lansing-East Lansing
26045,Eaton,Michigan,29620,Lansing-East Lansing
26065,Ingham,Michigan,29620,Lansing-East Lansing
26111,Midland,Michigan,33220,Midland
26115,Monroe,Michigan,33780,Monroe
26121,Muskegon,Michigan,34740,Muskegon
26021,Berrien,Michigan,35660,Niles-Benton Harbor
26145,Saginaw,Michigan,40980,Saginaw
26027,Cass,Michigan,43780,South Bend-Mishawaka
27017,Carlton,Minnesota,20260,Duluth
27137,St. Louis,Minnesota,20260,Duluth
27027,Clay,Minnesota,22020,Fargo
27119,Polk,Minnesota,24220,Grand Forks
27055,Houston,Minnesota,29100,La Crosse-Onalaska
27013,Blue Earth,Minnesota,31860,Mankato-North Mankato
27103,Nicollet,Minnesota,31860,Mankato-North Mankato
27003,Anoka,Minnesota,33460,Minneapolis-St. Paul-Bloomington
27019,Carver,Minnesota,33460,Minneapolis-St. Paul-Bloomington
27025,Chisago,Minnesota,33460,Minneapolis-St. Paul-Bloomington
27037,Dakota,Minnesota,33460,Minneapolis-St. Paul-Bloomington
27053,Hennepin,Minnesota,33460,Minneapolis-St. Paul-Bloomington
27059,Isanti,Minnesota,33460,Minneapolis-St. Paul-Bloomington
27079,Le Sueur,Minnesota,33460,Minneapolis-St. Paul-Bloomington
27095,Mille Lacs,Minnesota,33460,Minneapolis-St. Paul-Bloomington
27123,Ramsey,Minnesota,33460,Minneapolis-St. Paul-Bloomington
27139,Scott,Minnesota,33460,Minneapolis-St. Paul-Bloomington
27141,Sherburne,Minnesota,33460,Minneapolis-St. Paul-Bloomington
27143,Sibley,Minnesota,33460,Minneapolis-St. Paul-Bloomington
27163,Washington,Minnesota,33460,Minneapolis-St. Paul-Bloomington
27171,Wright,Minnesota,33460,Minneapolis-St. Paul-Bloomington
27039,Dodge,Minnesota,40340,Rochester
27045,Fillmore,Minnesota,40340,Rochester
27109,Olmsted,Minnesota,40340,Rochester
27157,Wabasha,Minnesota,40340,Rochester
27009,Benton,Minnesota,41060,St. Cloud
27145,Stearns,Minnesota,41060,St. Cloud
28045,Hancock,Mississippi,25060,Gulfport-Biloxi-Pascagoula
28047,Harrison,Mississippi,25060,Gulfport-Biloxi-Pascagoula
28059,Jackson,Mississippi,25060,Gulfport-Biloxi-Pascagoula
28035,Forrest,Mississippi,25620,Hattiesburg
28073,Lamar,Mississippi,25620,Hattiesburg
28111,Perry,Mississippi,25620,Hattiesburg
28029,Copiah,Mississippi,27140,Jackson
28049,Hinds,Mississippi,27140,Jackson
28089,Madison,Mississippi,27140,Jackson
28121,Rankin,Mississippi,27140,Jackson
28127,Simpson,Mississippi,27140,Jackson
28163,Yazoo,Mississippi,27140,Jackson
28009,Benton,Mississippi,32820,Memphis
28033,DeSoto,Mississippi,32820,Memphis
28093,Marshall,Mississippi,32820,Memphis
28137,Tate,Mississippi,32820,Memphis
28143,Tunica,Mississippi,32820,Memphis
29017,Bollinger,Missouri,16020,Cape Girardeau
29031,Cape Girardeau,Missouri,16020,Cape Girardeau
29019,Boone,Missouri,17860,Columbia
29119,McDonald,Missouri,22220,Fayetteville-Springdale-Rogers
29027,Callaway,Missouri,27620,Jefferson City
29051,Cole,Missouri,27620,Jefferson City
29135,Moniteau,Missouri,27620,Jefferson City
29151,Osage,Missouri,27620,Jefferson City
29097,Jasper,Missouri,27900,Joplin
29145,Newton,Missouri,27900,Joplin
29013,Bates,Missouri,28140,Kansas City
29025,Caldwell,Missouri,28140,Kansas City
29037,Cass,Missouri,28140,Kansas City
29047,Clay,Missouri,28140,Kansas City
29049,Clinton,Missouri,28140,Kansas City
29095,Jackson,Missouri,28140,Kansas City
29107,Lafayette,Missouri,28140,Kansas City
29165,Platte,Missouri,28140,Kansas City
29177,Ray,Missouri,28140,Kansas City
29043,Christian,Missouri,44180,Springfield
29059,Dallas,Missouri,44180,Springfield
29077,Greene,Missouri,44180,Springfield
29167,Polk,Missouri,44180,Springfield
29225,Webster,Missouri,44180,Springfield
29003,Andrew,Missouri,41140,St. Joseph
29021,Buchanan,Missouri,41140,St. Joseph
29063,DeKalb,Missouri,41140,St. Joseph
29071,Franklin,Missouri,41180,St. Louis
29099,Jefferson,Missouri,41180,St. Louis
29113,Lincoln,Missouri,41180,St. Louis
29183,St. Charles,Missouri,41180,St. Louis
29189,St. Louis,Missouri,41180,St. Louis
29219,Warren,Missouri,41180,St. Louis
29510,St. Louis (Independent City),Missouri,41180,St. Louis
30009,Carbon,Montana,13740,Billings
30037,Golden Valley,Montana,13740,Billings
30111,Yellowstone,Montana,13740,Billings
30013,Cascade,Montana,24500,Great Falls
30063,Missoula,Montana,33540,Missoula
31079,Hall,Nebraska,24260,Grand Island
31081,Hamilton,Nebraska,24260,Grand Island
31093,Howard,Nebraska,24260,Grand Island
31121,Merrick,Nebraska,24260,Grand Island
31109,Lancaster,Nebraska,30700,Lincoln
31159,Seward,Nebraska,30700,Lincoln
31025,Cass,Nebraska,36540,Omaha-Council Bluffs
31055,Douglas,Nebraska,36540,Omaha-Council Bluffs
31153,Sarpy,Nebraska,36540,Omaha-Council Bluffs
31155,Saunders,Nebraska,36540,Omaha-Council Bluffs
31177,Washington,Nebraska,36540,Omaha-Council Bluffs
31043,Dakota,Nebraska,43580,Sioux City
31051,Dixon,Nebraska,43580,Sioux City
32510,Carson City (Independent City),Nevada,16180,Carson City
32003,Clark,Nevada,29820,Las Vegas-Henderson-Paradise
32029,Storey,Nevada,39900,Reno
32031,Washoe,Nevada,39900,Reno
33015,Rockingham,New Hampshire,14460,Boston-Cambridge-Newton
33017,Strafford,New Hampshire,14460,Boston-Cambridge-Newton
33011,Hillsborough,New Hampshire,31700,Manchester-Nashua
34041,Warren,New Jersey,10900,Allentown-Bethlehem-Easton
34001,Atlantic,New Jersey,12100,Atlantic City-Hammonton
34003,Bergen,New Jersey,35620,New York-Newark-Jersey City
34013,Essex,New Jersey,35620,New York-Newark-Jersey City
34017,Hudson,New Jersey,35620,New York-Newark-Jersey City
34019,Hunterdon,New Jersey,35620,New York-Newark-Jersey City
34023,Middlesex,New Jersey,35620,New York-Newark-Jersey City
34025,Monmouth,New Jersey,35620,New York-Newark-Jersey City
34027,Morris,New Jersey,35620,New York-Newark-Jersey City
34029,Ocean,New Jersey,35620,New York-Newark-Jersey City
34031,Passaic,New Jersey,35620,New York-Newark-Jersey City
34035,Somerset,New Jersey,35620,New York-Newark-Jersey City
34037,Sussex,New Jersey,35620,New York-Newark-Jersey City
34039,Union,New Jersey,35620,New York-Newark-Jersey City
34009,Cape May,New Jersey,36140,Ocean City
34005,Burlington,New Jersey,37980,Philadelphia-Camden-Wilmington
34007,Camden,New Jersey,37980,Philadelphia-Camden-Wilmington
34015,Gloucester,New Jersey,37980,Philadelphia-Camden-Wilmington
34033,Salem,New Jersey,37980,Philadelphia-Camden-Wilmington
34021,Mercer,New Jersey,45940,Trenton
34011,Cumberland,New Jersey,47220,Vineland-Bridgeton
35001,Bernalillo,New Mexico,10740,Albuquerque
35043,Sandoval,New Mexico,10740,Albuquerque
35057,Torrance,New Mexico,10740,Albuquerque
35061,Valencia,New Mexico,10740,Albuquerque
35045,San Juan,New Mexico,22140,Farmington
35013,Doña Ana,New Mexico,29740,Las Cruces
35049,Santa Fe,New Mexico,42140,Santa Fe
36001,Albany,New York,10580,Albany-Schenectady-Troy
36083,Rensselaer,New York,10580,Albany-Schenectady-Troy
36091,Saratoga,New York,10580,Albany-Schenectady-Troy
36093,Schenectady,New York,10580,Albany-Schenectady-Troy
36095,Schoharie,New York,10580,Albany-Schenectady-Troy
36007,Broome,New York,13780,Binghamton
36107,Tioga,New York,13780,Binghamton
36029,Erie,New York,15380,Buffalo-Cheektowaga-Niagara Falls
36063,Niagara,New York,15380,Buffalo-Cheektowaga-Niagara Falls
36015,Chemung,New York,21300,Elmira
36113,Warren,New York,24020,Glens Falls
36115,Washington,New York,24020,Glens Falls
36109,Tompkins,New York,27060,Ithaca
36111,Ulster,New York,28740,Kingston
36005,Bronx,New York,35620,New York-Newark-Jersey City
36027,Dutchess,New York,35620,New York-Newark-Jersey City
36047,Kings,New York,35620,New York-Newark-Jersey City
36059,Nassau,New York,35620,New York-Newark-Jersey City
36061,New York,New York,35620,New York-Newark-Jersey City
36071,Orange,New York,35620,New York-Newark-Jersey City
36079,Putnam,New York,35620,New York-Newark-Jersey City
36081,Queens,New York,35620,New York-Newark-Jersey City
36085,Richmond,New York,35620,New York-Newark-Jersey City
36087,Rockland,New York,35620,New York-Newark-Jersey City
36103,Suffolk,New York,35620,New York-Newark-Jersey City
36119,Westchester,New York,35620,New York-Newark-Jersey City
36051,Livingston,New York,40380,Rochester
36055,Monroe,New York,40380,Rochester
36069,Ontario,New York,40380,Rochester
36073,Orleans,New York,40380,Rochester
36117,Wayne,New York,40380,Rochester
36123,Yates,New York,40380,Rochester
36053,Madison,New York,45060,Syracuse
36067,Onondaga,New York,45060,Syracuse
36075,Oswego,New York,45060,Syracuse
36043,Herkimer,New York,46540,Utica-Rome
36065,Oneida,New York,46540,Utica-Rome
36045,Jefferson,New York,48060,Watertown-Fort Drum
37021,Buncombe,North Carolina,11700,Asheville
37087,Haywood,North Carolina,11700,Asheville
37089,Henderson,North Carolina,11700,Asheville
37115,Madison,North Carolina,11700,Asheville
37001,Alamance,North Carolina,15500,Burlington
37025,Cabarrus,North Carolina,16740,Charlotte-Concord-Gastonia
37071,Gaston,North Carolina,16740,Charlotte-Concord-Gastonia
37097,Iredell,North Carolina,16740,Charlotte-Concord-Gastonia
37109,Lincoln,North Carolina,16740,Charlotte-Concord-Gastonia
37119,Mecklenburg,North Carolina,16740,Charlotte-Concord-Gastonia
37159,Rowan,North Carolina,16740,Charlotte-Concord-Gastonia
37179,Union,North Carolina,16740,Charlotte-Concord-Gastonia
37037,Chatham,North Carolina,20500,Durham-Chapel Hill
37063,Durham,North Carolina,20500,Durham-Chapel Hill
37135,Orange,North Carolina,20500,Durham-Chapel Hill
37145,Person,North Carolina,20500,Durham-Chapel Hill
37051,Cumberland,North Carolina,22180,Fayetteville
37093,Hoke,North Carolina,22180,Fayetteville
37191,Wayne,North Carolina,24140,Goldsboro
37081,Guilford,North Carolina,24660,Greensboro-High Point
37151,Randolph,North Carolina,24660,Greensboro-High Point
37157,Rockingham,North Carolina,24660,Greensboro-High Point
37147,Pitt,North Carolina,24780,Greenville
37003,Alexander,North Carolina,25860,Hickory-Lenoir-Morganton
37023,Burke,North Carolina,25860,Hickory-Lenoir-Morganton
37027,Caldwell,North Carolina,25860,Hickory-Lenoir-Morganton
37035,Catawba,North Carolina,25860,Hickory-Lenoir-Morganton
37133,Onslow,North Carolina,27340,Jacksonville
37019,Brunswick,North Carolina,34820,Myrtle Beach-Conway-North Myrtle Beach
37049,Craven,North Carolina,35100,New Bern
37103,Jones,North Carolina,35100,New Bern
37137,Pamlico,North Carolina,35100,New Bern
37069,Franklin,North Carolina,39580,Raleigh
37101,Johnston,North Carolina,39580,Raleigh
37183,Wake,North Carolina,39580,Raleigh
37065,Edgecombe,North Carolina,40580,Rocky Mount
37127,Nash,North Carolina,40580,Rocky Mount
37053,Currituck,North Carolina,47260,Virginia Beach-Norfolk-Newport News
37073,Gates,North Carolina,47260,Virginia Beach-Norfolk-Newport News
37129,New Hanover,North Carolina,48900,Wilmington
37141,Pender,North Carolina,48900,Wilmington
37057,Davidson,North Carolina,49180,Winston-Salem
37059,Davie,North Carolina,49180,Winston-Salem
37067,Forsyth,North Carolina,49180,Winston-Salem
37169,Stokes,North Carolina,49180,Winston-Salem
37197,Yadkin,North Carolina,49180,Winston-Salem
38015,Burleigh,North Dakota,13900,Bismarck
38059,Morton,North Dakota,13900,Bismarck
38065,Oliver,North Dakota,13900,Bismarck
38085,Sioux,North Dakota,13900,Bismarck
38017,Cass,North Dakota,22020,Fargo
38035,Grand Forks,North Dakota,24220,Grand Forks
39133,Portage,Ohio,10420,Akron
39153,Summit,Ohio,10420,Akron
39019,Carroll,Ohio,15940,Canton-Massillon
39151,Stark,Ohio,15940,Canton-Massillon
39015,Brown,Ohio,17140,Cincinnati
39017,Butler,Ohio,17140,Cincinnati
39025,Clermont,Ohio,17140,Cincinnati
39061,Hamilton,Ohio,17140,Cincinnati
39165,Warren,Ohio,17140,Cincinnati
39035,Cuyahoga,Ohio,17460,Cleveland-Elyria
39055,Geauga,Ohio,17460,Cleveland-Elyria
39085,Lake,Ohio,17460,Cleveland-Elyria
39093,Lorain,Ohio,17460,Cleveland-Elyria
39103,Medina,Ohio,17460,Cleveland-Elyria
39041,Delaware,Ohio,18140,Columbus
39045,Fairfield,Ohio,18140,Columbus
39049,Franklin,Ohio,18140,Columbus
39073,Hocking,Ohio,18140,Columbus
39089,Licking,Ohio,18140,Columbus
39097,Madison,Ohio,18140,Columbus
39117,Morrow,Ohio,18140,Columbus
39127,Perry,Ohio,18140,Columbus
39129,Pickaway,Ohio,18140,Columbus
39159,Union,Ohio,18140,Columbus
39057,Greene,Ohio,19380,Dayton
39109,Miami,Ohio,19380,Dayton
39113,Montgomery,Ohio,19380,Dayton
39087,Lawrence,Ohio,26580,Huntington-Ashland
39003,Allen,Ohio,30620,Lima
39139,Richland,Ohio,31900,Mansfield
39023,Clark,Ohio,44220,Springfield
39051,Fulton,Ohio,45780,Toledo
39095,Lucas,Ohio,45780,Toledo
39173,Wood,Ohio,45780,Toledo
39081,Jefferson,Ohio,48260,Weirton-Steubenville
39013,Belmont,Ohio,48540,Wheeling
39099,Mahoning,Ohio,49660,Youngstown-Warren-Boardman
39155,Trumbull,Ohio,49660,Youngstown-Warren-Boardman
40047,Garfield,Oklahoma,21420,Enid
40079,Le Flore,Oklahoma,22900,Fort Smith
40135,Sequoyah,Oklahoma,22900,Fort Smith
40031,Comanche,Oklahoma,30020,Lawton
40033,Cotton,Oklahoma,30020,Lawton
40017,Canadian,Oklahoma,36420,Oklahoma City
40027,Cleveland,Oklahoma,36420,Oklahoma City
40051,Grady,Oklahoma,36420,Oklahoma City
40081,Lincoln,Oklahoma,36420,Oklahoma City
40083,Logan,Oklahoma,36420,Oklahoma City
40087,McClain,Oklahoma,36420,Oklahoma City
40109,Oklahoma,Oklahoma,36420,Oklahoma City
40037,Creek,Oklahoma,46140,Tulsa
40111,Okmulgee,Oklahoma,46140,Tulsa
40113,Osage,Oklahoma,46140,Tulsa
40117,Pawnee,Oklahoma,46140,Tulsa
40131,Rogers,Oklahoma,46140,Tulsa
40143,Tulsa,Oklahoma,46140,Tulsa
40145,Wagoner,Oklahoma,46140,Tulsa
41043,Linn,Oregon,10540,Albany
41017,Deschutes,Oregon,13460,Bend-Redmond
41003,Benton,Oregon,18700,Corvallis
41039,Lane,Oregon,21660,Eugene
41033,Josephine,Oregon,24420,Grants Pass
41029,Jackson,Oregon,32780,Medford
41005,Clackamas,Oregon,38900,Portland-Vancouver-Hillsboro
41009,Columbia,Oregon,38900,Portland-Vancouver-Hillsboro
41051,Multnomah,Oregon,38900,Portland-Vancouver-Hillsboro
41067,Washington,Oregon,38900,Portland-Vancouver-Hillsboro
41071,Yamhill,Oregon,38900,Portland-Vancouver-Hillsboro
41047,Marion,Oregon,41420,Salem
41053,Polk,Oregon,41420,Salem
42025,Carbon,Pennsylvania,10900,Allentown-Bethlehem-Easton
42077,Lehigh,Pennsylvania,10900,Allentown-Bethlehem-Easton
42095,Northampton,Pennsylvania,10900,Allentown-Bethlehem-Easton
42013,Blair,Pennsylvania,11020,Altoona
42037,Columbia,Pennsylvania,14100,Bloomsburg-Berwick
42093,Montour,Pennsylvania,14100,Bloomsburg-Berwick
42055,Franklin,Pennsylvania,16540,Chambersburg-Waynesboro
42089,Monroe,Pennsylvania,20700,East Stroudsburg
42049,Erie,Pennsylvania,21500,Erie
42001,Adams,Pennsylvania,23900,Gettysburg
42041,Cumberland,Pennsylvania,25420,Harrisburg-Carlisle
42043,Dauphin,Pennsylvania,25420,Harrisburg-Carlisle
42099,Perry,Pennsylvania,25420,Harrisburg-Carlisle
42021,Cambria,Pennsylvania,27780,Johnstown
42071,Lancaster,Pennsylvania,29540,Lancaster
42075,Lebanon,Pennsylvania,30140,Lebanon
42103,Pike,Pennsylvania,35620,New York-Newark-Jersey City
42017,Bucks,Pennsylvania,37980,Philadelphia-Camden-Wilmington
42029,Chester,Pennsylvania,37980,Philadelphia-Camden-Wilmington
42045,Delaware,Pennsylvania,37980,Philadelphia-Camden-Wilmington
42091,Montgomery,Pennsylvania,37980,Philadelphia-Camden-Wilmington
42101,Philadelphia,Pennsylvania,37980,Philadelphia-Camden-Wilmington
42003,Allegheny,Pennsylvania,38300,Pittsburgh
42005,Armstrong,Pennsylvania,38300,Pittsburgh
42007,Beaver,Pennsylvania,38300,Pittsburgh
42019,Butler,Pennsylvania,38300,Pittsburgh
42051,Fayette,Pennsylvania,38300,Pittsburgh
42125,Washington,Pennsylvania,38300,Pittsburgh
42129,Westmoreland,Pennsylvania,38300,Pittsburgh
42011,Berks,Pennsylvania,39740,Reading
42069,Lackawanna,Pennsylvania,42540,Scranton-Wilkes-Barre-Hazleton
42079,Luzerne,Pennsylvania,42540,Scranton-Wilkes-Barre-Hazleton
42131,Wyoming,Pennsylvania,42540,Scranton-Wilkes-Barre-Hazleton
42027,Centre,Pennsylvania,44300,State College
42081,Lycoming,Pennsylvania,48700,Williamsport
42133,York,Pennsylvania,49620,York-Hanover
42085,Mercer,Pennsylvania,49660,Youngstown-Warren-Boardman
44001,Bristol,Rhode Island,39300,Providence-Warwick
44003,Kent,Rhode Island,39300,Providence-Warwick
44005,Newport,Rhode Island,39300,Providence-Warwick
44007,Providence,Rhode Island,39300,Providence-Warwick
44009,Washington,Rhode Island,39300,Providence-Warwick
45003,Aiken,South Carolina,12260,Augusta-Richmond County
45037,Edgefield,South Carolina,12260,Augusta-Richmond County
45015,Berkeley,South Carolina,16700,Charleston-North Charleston
45019,Charleston,South Carolina,16700,Charleston-North Charleston
45035,Dorchester,South Carolina,16700,Charleston-North Charleston
45023,Chester,South Carolina,16740,Charlotte-Concord-Gastonia
45057,Lancaster,South Carolina,16740,Charlotte-Concord-Gastonia
45091,York,South Carolina,16740,Charlotte-Concord-Gastonia
45017,Calhoun,South Carolina,17900,Columbia
45039,Fairfield,South Carolina,17900,Columbia
45055,Kershaw,South Carolina,17900,Columbia
45063,Lexington,South Carolina,17900,Columbia
45079,Richland,South Carolina,17900,Columbia
45081,Saluda,South Carolina,17900,Columbia
45031,Darlington,South Carolina,22500,Florence
45041,Florence,South Carolina,22500,Florence
45007,Anderson,South Carolina,24860,Greenville-Anderson-Mauldin
45045,Greenville,South Carolina,24860,Greenville-Anderson-Mauldin
45059,Laurens,South Carolina,24860,Greenville-Anderson-Mauldin
45077,Pickens,South Carolina,24860,Greenville-Anderson-Mauldin
45013,Beaufort,South Carolina,25940,Hilton Head Island-Bluffton-Beaufort
45053,Jasper,South Carolina,25940,Hilton Head Island-Bluffton-Beaufort
45051,Horry,South Carolina,34820,Myrtle Beach-Conway-North Myrtle Beach
45083,Spartanburg,South Carolina,43900,Spartanburg
45087,Union,South Carolina,43900,Spartanburg
45085,Sumter,South Carolina,44940,Sumter
46033,Custer,South Dakota,39660,Rapid City
46093,Meade,South Dakota,39660,Rapid City
46103,Pennington,South Dakota,39660,Rapid City
46127,Union,South Dakota,43580,Sioux City
46083,Lincoln,South Dakota,43620,Sioux Falls
46087,McCook,South Dakota,43620,Sioux Falls
46099,Minnehaha,South Dakota,43620,Sioux Falls
46125,Turner,South Dakota,43620,Sioux Falls
47065,Hamilton,Tennessee,16860,Chattanooga
47115,Marion,Tennessee,16860,Chattanooga
47153,Sequatchie,Tennessee,16860,Chattanooga
47125,Montgomery,Tennessee,17300,Clarksville
47011,Bradley,Tennessee,17420,Cleveland
47139,Polk,Tennessee,17420,Cleveland
47023,Chester,Tennessee,27180,Jackson
47033,Crockett,Tennessee,27180,Jackson
47113,Madison,Tennessee,27180,Jackson
47019,Carter,Tennessee,27740,Johnson City
47171,Unicoi,Tennessee,27740,Johnson City
47179,Washington,Tennessee,27740,Johnson City
47073,Hawkins,Tennessee,28700,Kingsport-Bristol-Bristol
47163,Sullivan,Tennessee,28700,Kingsport-Bristol-Bristol
47001,Anderson,Tennessee,28940,Knoxville
47009,Blount,Tennessee,28940,Knoxville
47013,Campbell,Tennessee,28940,Knoxville
47057,Grainger,Tennessee,28940,Knoxville
47093,Knox,Tennessee,28940,Knoxville
47105,Loudon,Tennessee,28940,Knoxville
47129,Morgan,Tennessee,28940,Knoxville
47145,Roane,Tennessee,28940,Knoxville
47173,Union,Tennessee,28940,Knoxville
47047,Fayette,Tennessee,32820,Memphis
47157,Shelby,Tennessee,32820,Memphis
47167,Tipton,Tennessee,32820,Memphis
47063,Hamblen,Tennessee,34100,Morristown
47089,Jefferson,Tennessee,34100,Morristown
47015,Cannon,Tennessee,34980,Nashville-Davidson-Murfreesboro-Franklin
47021,Cheatham,Tennessee,34980,Nashville-Davidson-Murfreesboro-Franklin
47037,Davidson,Tennessee,34980,Nashville-Davidson-Murfreesboro-Franklin
47043,Dickson,Tennessee,34980,Nashville-Davidson-Murfreesboro-Franklin
47081,Hickman,Tennessee,34980,Nashville-Davidson-Murfreesboro-Franklin
47111,Macon,Tennessee,34980,Nashville-Davidson-Murfreesboro-Franklin
47119,Maury,Tennessee,34980,Nashville-Davidson-Murfreesboro-Franklin
47147,Robertson,Tennessee,34980,Nashville-Davidson-Murfreesboro-Franklin
47149,Rutherford,Tennessee,34980,Nashville-Davidson-Murfreesboro-Franklin
47159,Smith,Tennessee,34980,Nashville-Davidson-Murfreesboro-Franklin
47165,Sumner,Tennessee,34980,Nashville-Davidson-Murfreesboro-Franklin
47169,Trousdale,Tennessee,34980,Nashville-Davidson-Murfreesboro-Franklin
47187,Williamson,Tennessee,34980,Nashville-Davidson-Murfreesboro-Franklin
47189,Wilson,Tennessee,34980,Nashville-Davidson-Murfreesboro-Franklin
48059,Callahan,Texas,10180,Abilene
48253,Jones,Texas,10180,Abilene
48441,Taylor,Texas,10180,Abilene
48011,Armstrong,Texas,11100,Amarillo
48065,Carson,Texas,11100,Amarillo
48359,Oldham,Texas,11100,Amarillo
48375,Potter,Texas,11100,Amarillo
48381,Randall,Texas,11100,Amarillo
48021,Bastrop,Texas,12420,Austin-Round Rock
48055,Caldwell,Texas,12420,Austin-Round Rock
48209,Hays,Texas,12420,Austin-Round Rock
48453,Travis,Texas,12420,Austin-Round Rock
48491,Williamson,Texas,12420,Austin-Round Rock
48199,Hardin,Texas,13140,Beaumont-Port Arthur
48245,Jefferson,Texas,13140,Beaumont-Port Arthur
48351,Newton,Texas,13140,Beaumont-Port Arthur
48361,Orange,Texas,13140,Beaumont-Port Arthur
48061,Cameron,Texas,15180,Brownsville-Harlingen
48041,Brazos,Texas,17780,College Station-Bryan
48051,Burleson,Texas,17780,College Station-Bryan
48395,Robertson,Texas,17780,College Station-Bryan
48007,Aransas,Texas,18580,Corpus Christi
48355,Nueces,Texas,18580,Corpus Christi
48409,San Patricio,Texas,18580,Corpus Christi
48085,Collin,Texas,19100,Dallas-Fort Worth-Arlington
48113,Dallas,Texas,19100,Dallas-Fort Worth-Arlington
48121,Denton,Texas,19100,Dallas-Fort Worth-Arlington
48139,Ellis,Texas,19100,Dallas-Fort Worth-Arlington
48221,Hood,Texas,19100,Dallas-Fort Worth-Arlington
48231,Hunt,Texas,19100,Dallas-Fort Worth-Arlington
48251,Johnson,Texas,19100,Dallas-Fort Worth-Arlington
48257,Kaufman,Texas,19100,Dallas-Fort Worth-Arlington
48367,Parker,Texas,19100,Dallas-Fort Worth-Arlington
48397,Rockwall,Texas,19100,Dallas-Fort Worth-Arlington
48425,Somervell,Texas,19100,Dallas-Fort Worth-Arlington
48439,Tarrant,Texas,19100,Dallas-Fort Worth-Arlington
48497,Wise,Texas,19100,Dallas-Fort Worth-Arlington
48141,El Paso,Texas,21340,El Paso
48229,Hudspeth,Texas,21340,El Paso
48015,Austin,Texas,26420,Houston-The Woodlands-Sugar Land
48039,Brazoria,Texas,26420,Houston-The Woodlands-Sugar Land
48071,Chambers,Texas,26420,Houston-The Woodlands-Sugar Land
48157,Fort Bend,Texas,26420,Houston-The Woodlands-Sugar Land
48167,Galveston,Texas,26420,Houston-The Woodlands-Sugar Land
48201,Harris,Texas,26420,Houston-The Woodlands-Sugar Land
48291,Liberty,Texas,26420,Houston-The Woodlands-Sugar Land
48339,Montgomery,Texas,26420,Houston-The Woodlands-Sugar Land
48473,Waller,Texas,26420,Houston-The Woodlands-Sugar Land
48027,Bell,Texas,28660,Killeen-Temple
48099,Coryell,Texas,28660,Killeen-Temple
48281,Lampasas,Texas,28660,Killeen-Temple
48479,Webb,Texas,29700,Laredo
48183,Gregg,Texas,30980,Longview
48401,Rusk,Texas,30980,Longview
48459,Upshur,Texas,30980,Longview
48107,Crosby,Texas,31180,Lubbock
48303,Lubbock,Texas,31180,Lubbock
48305,Lynn,Texas,31180,Lubbock
48215,Hidalgo,Texas,32580,McAllen-Edinburg-Mission
48317,Martin,Texas,33260,Midland
48329,Midland,Texas,33260,Midland
48135,Ector,Texas,36220,Odessa
48235,Irion,Texas,41660,San Angelo
48451,Tom Green,Texas,41660,San Angelo
48013,Atascosa,Texas,41700,San Antonio-New Braunfels
48019,Bandera,Texas,41700,San Antonio-New Braunfels
48029,Bexar,Texas,41700,San Antonio-New Braunfels
48091,Comal,Texas,41700,San Antonio-New Braunfels
48187,Guadalupe,Texas,41700,San Antonio-New Braunfels
48259,Kendall,Texas,41700,San Antonio-New Braunfels
48325,Medina,Texas,41700,San Antonio-New Braunfels
48493,Wilson,Texas,41700,San Antonio-New Braunfels
48181,Grayson,Texas,43300,Sherman-Denison
48037,Bowie,Texas,45500,Texarkana
48423,Smith,Texas,46340,Tyler
48175,Goliad,Texas,47020,Victoria
48469,Victoria,Texas,47020,Victoria
48145,Falls,Texas,47380,Waco
48309,McLennan,Texas,47380,Waco
48009,Archer,Texas,48660,Wichita Falls
48077,Clay,Texas,48660,Wichita Falls
48485,Wichita,Texas,48660,Wichita Falls
49005,Cache,Utah,30860,Logan
49003,Box Elder,Utah,36260,Ogden-Clearfield
49011,Davis,Utah,36260,Ogden-Clearfield
49029,Morgan,Utah,36260,Ogden-Clearfield
49057,Weber,Utah,36260,Ogden-Clearfield
49023,Juab,Utah,39340,Provo-Orem
49049,Utah,Utah,39340,Provo-Orem
49035,Salt Lake,Utah,41620,Salt Lake City
49045,Tooele,Utah,41620,Salt Lake City
49053,Washington,Utah,41100,St. George
50007,Chittenden,Vermont,15540,Burlington-South Burlington
50011,Franklin,Vermont,15540,Burlington-South Burlington
50013,Grand Isle,Vermont,15540,Burlington-South Burlington
51063,Floyd,Virginia,13980,Blacksburg-Christiansburg-Radford
51071,Giles,Virginia,13980,Blacksburg-Christiansburg-Radford
51155,Pulaski,Virginia,13980,Blacksburg-Christiansburg-Radford
51933,Montgomery + Radford,Virginia,13980,Blacksburg-Christiansburg-Radford
51029,Buckingham,Virginia,16820,Charlottesville
51065,Fluvanna,Virginia,16820,Charlottesville
51079,Greene,Virginia,16820,Charlottesville
51125,Nelson,Virginia,16820,Charlottesville
51901,Albemarle + Charlottesville,Virginia,16820,Charlottesville
51947,Rockingham + Harrisonburg,Virginia,25500,Harrisonburg
51169,Scott,Virginia,28700,Kingsport-Bristol-Bristol
51953,Washington + Bristol,Virginia,28700,Kingsport-Bristol-Bristol
51009,Amherst,Virginia,31340,Lynchburg
51011,Appomattox,Virginia,31340,Lynchburg
51019,Bedford,Virginia,31340,Lynchburg
51911,Campbell + Lynchburg,Virginia,31340,Lynchburg
51007,Amelia,Virginia,40060,Richmond
51033,Caroline,Virginia,40060,Richmond
51036,Charles City,Virginia,40060,Richmond
51041,Chesterfield,Virginia,40060,Richmond
51075,Goochland,Virginia,40060,Richmond
51085,Hanover,Virginia,40060,Richmond
51087,Henrico,Virginia,40060,Richmond
51101,King William,Virginia,40060,Richmond
51127,New Kent,Virginia,40060,Richmond
51145,Powhatan,Virginia,40060,Richmond
51183,Sussex,Virginia,40060,Richmond
51760,Richmond (Independent City),Virginia,40060,Richmond
51918,Dinwiddie,Virginia,40060,Richmond
51941,Prince George + Hopewell,Virginia,40060,Richmond
51023,Botetourt,Virginia,40220,Roanoke
51045,Craig,Virginia,40220,Roanoke
51067,Franklin,Virginia,40220,Roanoke
51770,Roanoke (Independent City),Virginia,40220,Roanoke
51944,Roanoke + Salem,Virginia,40220,Roanoke
51907,Augusta,Virginia,44420,Staunton-Waynesboro
51073,Gloucester,Virginia,47260,Virginia Beach-Norfolk-Newport News
51093,Isle of Wight,Virginia,47260,Virginia Beach-Norfolk-Newport News
51115,Mathews,Virginia,47260,Virginia Beach-Norfolk-Newport News
51550,Chesapeake (Independent City),Virginia,47260,Virginia Beach-Norfolk-Newport News
51650,Hampton (Independent City),Virginia,47260,Virginia Beach-Norfolk-Newport News
51700,Newport News (Independent City),Virginia,47260,Virginia Beach-Norfolk-Newport News
51710,Norfolk (Independent City),Virginia,47260,Virginia Beach-Norfolk-Newport News
51740,Portsmouth (Independent City),Virginia,47260,Virginia Beach-Norfolk-Newport News
51800,Suffolk (Independent City),Virginia,47260,Virginia Beach-Norfolk-Newport News
51810,Virginia Beach (Independent City),Virginia,47260,Virginia Beach-Norfolk-Newport News
51931,James City + Williamsburg,Virginia,47260,Virginia Beach-Norfolk-Newport News
51958,York + Poquoson,Virginia,47260,Virginia Beach-Norfolk-Newport News
51013,Arlington,Virginia,47900,Washington-Arlington-Alexandria
51043,Clarke,Virginia,47900,Washington-Arlington-Alexandria
51047,Culpeper,Virginia,47900,Washington-Arlington-Alexandria
51061,Fauquier,Virginia,47900,Washington-Arlington-Alexandria
51107,Loudoun,Virginia,47900,Washington-Arlington-Alexandria
51157,Rappahannock,Virginia,47900,Washington-Arlington-Alexandria
51179,Stafford,Virginia,47900,Washington-Arlington-Alexandria
51187,Warren,Virginia,47900,Washington-Arlington-Alexandria
51510,Alexandria (Independent City),Virginia,47900,Washington-Arlington-Alexandria
51919,Fairfax,Virginia,47900,Washington-Arlington-Alexandria
51942,Prince William,Virginia,47900,Washington-Arlington-Alexandria
51951,Spotsylvania + Fredericksburg,Virginia,47900,Washington-Arlington-Alexandria
51921,Frederick + Winchester,Virginia,49020,Winchester
53073,Whatcom,Washington,13380,Bellingham
53035,Kitsap,Washington,14740,Bremerton-Silverdale
53005,Benton,Washington,28420,Kennewick-Richland
53021,Franklin,Washington,28420,Kennewick-Richland
53003,Asotin,Washington,30300,Lewiston
53015,Cowlitz,Washington,31020,Longview
53057,Skagit,Washington,34580,Mount Vernon-Anacortes
53067,Thurston,Washington,36500,Olympia-Tumwater
53011,Clark,Washington,38900,Portland-Vancouver-Hillsboro
53059,Skamania,Washington,38900,Portland-Vancouver-Hillsboro
53033,King,Washington,42660,Seattle-Tacoma-Bellevue
53053,Pierce,Washington,42660,Seattle-Tacoma-Bellevue
53061,Snohomish,Washington,42660,Seattle-Tacoma-Bellevue
53051,Pend Oreille,Washington,44060,Spokane-Spokane Valley
53063,Spokane,Washington,44060,Spokane-Spokane Valley
53065,Stevens,Washington,44060,Spokane-Spokane Valley
53013,Columbia,Washington,47460,Walla Walla
53071,Walla Walla,Washington,47460,Walla Walla
53007,Chelan,Washington,48300,Wenatchee
53017,Douglas,Washington,48300,Wenatchee
53077,Yakima,Washington,49420,Yakima
54019,Fayette,West Virginia,13220,Beckley
54081,Raleigh,West Virginia,13220,Beckley
54005,Boone,West Virginia,16620,Charleston
54015,Clay,West Virginia,16620,Charleston
54039,Kanawha,West Virginia,16620,Charleston
54057,Mineral,West Virginia,19060,Cumberland
54003,Berkeley,West Virginia,25180,Hagerstown-Martinsburg
54011,Cabell,West Virginia,26580,Huntington-Ashland
54043,Lincoln,West Virginia,26580,Huntington-Ashland
54079,Putnam,West Virginia,26580,Huntington-Ashland
54099,Wayne,West Virginia,26580,Huntington-Ashland
54061,Monongalia,West Virginia,34060,Morgantown
54077,Preston,West Virginia,34060,Morgantown
54105,Wirt,West Virginia,37620,Parkersburg-Vienna
54107,Wood,West Virginia,37620,Parkersburg-Vienna
54037,Jefferson,West Virginia,47900,Washington-Arlington-Alexandria
54009,Brooke,West Virginia,48260,Weirton-Steubenville
54029,Hancock,West Virginia,48260,Weirton-Steubenville
54051,Marshall,West Virginia,48540,Wheeling
54069,Ohio,West Virginia,48540,Wheeling
54027,Hampshire,West Virginia,49020,Winchester
55015,Calumet,Wisconsin,11540,Appleton
55087,Outagamie,Wisconsin,11540,Appleton
55059,Kenosha,Wisconsin,16980,Chicago-Naperville-Elgin
55031,Douglas,Wisconsin,20260,Duluth
55017,Chippewa,Wisconsin,20740,Eau Claire
55035,Eau Claire,Wisconsin,20740,Eau Claire
55039,Fond du Lac,Wisconsin,22540,Fond du Lac
55009,Brown,Wisconsin,24580,Green Bay
55061,Kewaunee,Wisconsin,24580,Green Bay
55083,Oconto,Wisconsin,24580,Green Bay
55105,Rock,Wisconsin,27500,Janesville-Beloit
55063,La Crosse,Wisconsin,29100,La Crosse-Onalaska
55021,Columbia,Wisconsin,31540,Madison
55025,Dane,Wisconsin,31540,Madison
55045,Green,Wisconsin,31540,Madison
55049,Iowa,Wisconsin,31540,Madison
55079,Milwaukee,Wisconsin,33340,Milwaukee-Waukesha-West Allis
55089,Ozaukee,Wisconsin,33340,Milwaukee-Waukesha-West Allis
55131,Washington,Wisconsin,33340,Milwaukee-Waukesha-West Allis
55133,Waukesha,Wisconsin,33340,Milwaukee-Waukesha-West Allis
55093,Pierce,Wisconsin,33460,Minneapolis-St. Paul-Bloomington
55109,St. Croix,Wisconsin,33460,Minneapolis-St. Paul-Bloomington
55139,Winnebago,Wisconsin,36780,Oshkosh-Neenah
55101,Racine,Wisconsin,39540,Racine
55117,Sheboygan,Wisconsin,43100,Sheboygan
55073,Marathon,Wisconsin,48140,Wausau
56025,Natrona,Wyoming,16220,Casper
56021,Laramie,Wyoming,16940,Cheyenne
